{
  "ticker": "MSFT",
  "model_name": "LSTM",
  "metrics": {
    "rmse": 10.085924750609513,
    "mae": 7.703537196870501,
    "mape": 1.4888421683238144,
    "r2": -0.11883859333656144
  },
  "val_size": 60,
  "feature_count": 1,
  "window_size": 20,
  "cv": null
}