{
  "ticker": "MSFT",
  "model_name": "RandomForest",
  "metrics": {
    "rmse": 6.6145125577752,
    "mae": 4.804369844846493,
    "mape": 0.9315007717858292,
    "r2": 0.5274305105362196
  },
  "val_size": 60,
  "feature_count": 34,
  "cv": null
}