{
  "ticker": "TSLA",
  "model_name": "RandomForest",
  "metrics": {
    "rmse": 20.06569493287945,
    "mae": 16.246363278201137,
    "mape": 3.790095321942951,
    "r2": 0.7501237268995853
  },
  "val_size": 60,
  "feature_count": 34,
  "cv": null
}