{
  "ticker": "TSLA",
  "model_name": "LSTM",
  "metrics": {
    "rmse": 66.23089582415855,
    "mae": 56.715614573160806,
    "mape": 14.565222044688312,
    "r2": -1.3681600782024286
  },
  "val_size": 60,
  "feature_count": 34,
  "cv": null
}