{
  "metrics": {
    "rmse": 13.540539887330098,
    "mae": 11.22938616303089,
    "mape": 2.684849018046156,
    "r2": 0.8925225632496325
  },
  "model_info": {
    "order": [
      0,
      1,
      0
    ],
    "seasonal_order": [
      0,
      0,
      0,
      5
    ],
    "aic": -1819.689858477048,
    "bic": -1811.2486781368484,
    "trend": "c",
    "allow_drift": true,
    "m": 5
  },
  "val_size": 60,
  "feature_count": 1,
  "cv": null
}