{
  "metrics": {
    "rmse": 13.311499536044078,
    "mae": 10.970281423823584,
    "mape": 2.6052600463998568,
    "r2": 0.8900309249673867
  },
  "model_info": {
    "order": [
      0,
      1,
      0
    ],
    "seasonal_order": [
      0,
      0,
      0,
      5
    ],
    "aic": -1824.2515551730114,
    "bic": -1815.8064026368686,
    "trend": "c",
    "allow_drift": true,
    "m": 5
  },
  "val_size": 60,
  "feature_count": 1,
  "cv": null
}